project,target,configuration,hash,code,status,start,end
@ballerine/workflow-node-sdk,spellcheck,,7278994193883586469,0,success,1723199447008,1723199452055
@ballerine/workflow-core,spellcheck,,356639387363151756,0,success,1723199447008,1723199453245
@ballerine/workflows-service,spellcheck,,3728656119133989620,0,success,1723199447008,1723199453421
@ballerine/common,spellcheck,,9152416483125138766,0,success,1723199452056,1723199458684
@ballerine/workflow-browser-sdk,spellcheck,,5711415233374425777,0,success,1723199453421,1723199459544
@ballerine/ui,spellcheck,,8850483811213541173,0,success,1723199453246,1723199459572
@ballerine/websocket-service,spellcheck,,14559441808219411852,0,success,1723199458685,1723199464541
@ballerine/workflows-dashboard,spellcheck,,5410093340625521894,0,success,1723199459573,1723199465826
@ballerine/headless-example,spellcheck,,16341471437506342928,0,success,1723199459544,1723199466119
@ballerine/rules-engine-lib,spellcheck,,12954770329648118861,0,success,1723199464541,1723199470011
@ballerine/backoffice-v2,spellcheck,,9038702324012439986,0,success,1723199465826,1723199472120
@ballerine/web-ui-sdk,spellcheck,,3917767021122693332,0,success,1723199466120,1723199472736
@ballerine/workflow-node-sdk,format,,16902405086702697877,0,success,1723199447286,1723199462750
@ballerine/common,format,,8101478807456946193,0,success,1723199447286,1723199465123
@ballerine/workflow-browser-sdk,format,,7633901459968515962,0,success,1723199465124,1723199479025
@ballerine/ui,format,,2628565382082111456,0,success,1723199462751,1723199480512
@ballerine/workflows-service,format,,6564866325726752788,0,success,1723199447286,1723199481636
@ballerine/websocket-service,format,,12596364573922055790,0,success,1723199480512,1723199490604
@ballerine/blocks,format,,17620452819244090898,0,success,1723199479025,1723199490968
@ballerine/headless-example,format,,2366695886561613481,0,success,1723199481636,1723199500942
@ballerine/workflows-dashboard,format,,2223851764515544354,0,success,1723199490604,1723199506016
@ballerine/docs-site,format,,3873642509149358741,0,success,1723199500942,1723199511614
@ballerine/kyb-app,format,,14331947702265257706,0,success,1723199506017,1723199522121
@ballerine/backoffice-v2,format,,5961756576170641498,0,success,1723199490968,1723199565794
@ballerine/workflow-core,spellcheck,,12600088532676187802,0,success,1723200512910,1723200518560
@ballerine/workflow-node-sdk,spellcheck,,1332246524677850300,0,success,1723200512910,1723200519971
@ballerine/workflows-service,spellcheck,,2312025843245107475,0,success,1723200512910,1723200520009
@ballerine/common,spellcheck,,8508625502541893964,0,success,1723200518561,1723200526101
@ballerine/workflow-browser-sdk,spellcheck,,1010193608949056244,0,success,1723200520009,1723200527455
@ballerine/ui,spellcheck,,11219758628112284555,0,success,1723200519971,1723200527538
@ballerine/websocket-service,spellcheck,,2405442594906570172,0,success,1723200526102,1723200532323
@ballerine/headless-example,spellcheck,,1591231941613064789,0,success,1723200527456,1723200533988
@ballerine/workflows-dashboard,spellcheck,,15261949808762108255,0,success,1723200527538,1723200534086
@ballerine/rules-engine-lib,spellcheck,,6985038870948120287,0,success,1723200532323,1723200539587
@ballerine/backoffice-v2,spellcheck,,12971363928900788735,0,success,1723200533989,1723200540580
@ballerine/web-ui-sdk,spellcheck,,11474245972131104830,0,success,1723200534086,1723200540620
@ballerine/workflow-node-sdk,format,,12052223275960563024,0,success,1723200512913,1723200521541
@ballerine/common,format,,149739382863709457,0,success,1723200512913,1723200526215
@ballerine/workflow-browser-sdk,format,,16658044002291545204,0,success,1723200526216,1723200538937
@ballerine/ui,format,,332960764249606985,0,success,1723200521542,1723200541090
@ballerine/workflows-service,format,,11902466242101446827,0,success,1723200512913,1723200547934
@ballerine/websocket-service,format,,15092013258719801710,0,success,1723200541090,1723200548244
@ballerine/blocks,format,,7826954916184435137,0,success,1723200538938,1723200548522
@ballerine/workflows-dashboard,format,,6558232921726189475,0,success,1723200548245,1723200562649
@ballerine/headless-example,format,,13744495068735971244,0,success,1723200547935,1723200564564
@ballerine/docs-site,format,,14256463851251789178,0,success,1723200562650,1723200569385
@ballerine/kyb-app,format,,17811830319895190113,0,success,1723200564565,1723200579097
@ballerine/backoffice-v2,format,,9554677639857016586,0,success,1723200548522,1723200624074
@ballerine/workflow-core,spellcheck,,5732649385353246734,0,success,1723201110812,1723201116381
@ballerine/workflow-node-sdk,spellcheck,,15365335070660553758,0,success,1723201110812,1723201116791
@ballerine/workflows-service,spellcheck,,17879802326731732028,0,success,1723201110812,1723201116958
@ballerine/common,spellcheck,,10546913020449476919,0,success,1723201116381,1723201121880
@ballerine/ui,spellcheck,,17123579247707147070,0,success,1723201116792,1723201122789
@ballerine/workflow-browser-sdk,spellcheck,,2105432877235646872,0,success,1723201116958,1723201123268
@ballerine/websocket-service,spellcheck,,18100105598805608048,0,success,1723201121881,1723201127564
@ballerine/headless-example,spellcheck,,11658203172162708840,0,success,1723201122789,1723201129067
@ballerine/workflows-dashboard,spellcheck,,13902023938207832091,0,success,1723201123269,1723201129097
@ballerine/rules-engine-lib,spellcheck,,9384502528617639269,0,success,1723201127565,1723201133607
@ballerine/backoffice-v2,spellcheck,,6677414627531703297,0,success,1723201129068,1723201134983
@ballerine/web-ui-sdk,spellcheck,,4024230296194131183,0,success,1723201129097,1723201135035
@ballerine/workflow-node-sdk,format,,13639690631161916039,0,success,1723201110774,1723201125303
@ballerine/common,format,,5237043188132737568,0,success,1723201110774,1723201128066
@ballerine/workflow-browser-sdk,format,,13252546076866599108,0,success,1723201128067,1723201141707
@ballerine/ui,format,,9431981525355132038,0,success,1723201125303,1723201143204
@ballerine/workflows-service,format,,7832150072217013813,0,success,1723201110774,1723201144576
@ballerine/blocks,format,,8568543247350674362,0,success,1723201141708,1723201153067
@ballerine/websocket-service,format,,9351231306952327930,0,success,1723201143205,1723201153340
@ballerine/headless-example,format,,12417241732182505200,0,success,1723201144577,1723201164775
@ballerine/workflows-dashboard,format,,17603713688420790900,0,success,1723201153068,1723201169119
@ballerine/docs-site,format,,12339724085650886985,0,success,1723201164775,1723201175837
@ballerine/kyb-app,format,,8122501652682980938,0,success,1723201169120,1723201184516
@ballerine/backoffice-v2,format,,11964682130150394700,0,success,1723201153340,1723201228660
@ballerine/workflows-service,spellcheck,,16967994883577620168,0,success,1723201738215,1723201743499
@ballerine/workflow-node-sdk,spellcheck,,9757283607954430757,0,success,1723201738215,1723201743959
@ballerine/workflow-core,spellcheck,,15127174064074313733,0,success,1723201738215,1723201744020
@ballerine/common,spellcheck,,17167937247426698512,0,success,1723201743500,1723201749582
@ballerine/workflow-browser-sdk,spellcheck,,64908229469219416,0,success,1723201744022,1723201750184
@ballerine/ui,spellcheck,,18183621163336555903,0,success,1723201743959,1723201750499
@ballerine/websocket-service,spellcheck,,13762710996110877121,0,success,1723201749582,1723201755690
@ballerine/workflows-dashboard,spellcheck,,4745674875776371655,0,success,1723201750500,1723201756796
@ballerine/headless-example,spellcheck,,3228470216051717318,0,success,1723201750184,1723201756838
@ballerine/rules-engine-lib,spellcheck,,7411393234437081500,0,success,1723201755691,1723201761542
@ballerine/backoffice-v2,spellcheck,,14923467111700185077,0,success,1723201756797,1723201762539
@ballerine/web-ui-sdk,spellcheck,,8703609689038490055,0,success,1723201756840,1723201762906
@ballerine/workflow-node-sdk,format,,13842778412846349562,0,success,1723201738509,1723201743595
@ballerine/common,format,,9440760216420228601,0,success,1723201738509,1723201745659
@ballerine/workflow-browser-sdk,format,,6602893621321835722,0,success,1723201745659,1723201751583
@ballerine/ui,format,,10007613412274975432,0,success,1723201743596,1723201755280
@ballerine/blocks,format,,12156793493864540216,0,success,1723201751584,1723201757747
@ballerine/websocket-service,format,,7148750300382535884,0,success,1723201755280,1723201758952
@ballerine/workflows-service,format,,8108564574202003925,0,success,1723201738509,1723201766545
@ballerine/workflows-dashboard,format,,15789659665182812059,0,success,1723201758952,1723201769462
@ballerine/headless-example,format,,8266960934687658739,0,success,1723201757747,1723201770229
@ballerine/docs-site,format,,5149744318508580092,0,success,1723201769463,1723201772544
@ballerine/kyb-app,format,,583428800490767421,0,success,1723201770229,1723201780435
@ballerine/backoffice-v2,format,,9428729524154905954,0,success,1723201766545,1723201840350
